foodId,resId,title,originalTitle,price,restaurant,locationShort,tag,story,hasDetail,priority,listRank,imageLink,thumbnail,optionText,ddOnly,recommended,available,remark
10330001001,10330001,หมี่ฮ่องกงหมูมันน้อย,หมี่ฮ่องกงหมู,128,เหลาอาธีร์,สวนหลวงสแควร์,"ลดมัน, ใช้ไขมันดี, ลดโซเดียม",-,,,6,,lrt-mi-hk-pork-s.jpg,,,TRUE,,
10330001002,10330001,หมี่ฮ่องกงไก่มันน้อย,หมี่ฮ่องกงไก่,128,เหลาอาธีร์,สวนหลวงสแควร์,"ลดมัน, ใช้ไขมันดี, ลดโซเดียม",-,,,5,,lrt-mi-hk-chicken-s.jpg,,,TRUE,,
10330001003,10330001,หมี่ฮ่องกงกุ้งมันน้อย,หมี่ฮ่องกงกุ้ง,178,เหลาอาธีร์,สวนหลวงสแควร์,"ลดมัน, ใช้ไขมันดี, ลดโซเดียม",-,,,7,,lrt-mi-hk-shrimp-s.jpg,,,,,
10330001004,10330001,หมี่ฮ่องกงทะเลมันน้อย,หมี่ฮ่องกงทะเล,178,เหลาอาธีร์,สวนหลวงสแควร์,"ลดมัน, ใช้ไขมันดี, ลดโซเดียม",หมี่ฮ่องกงสูตรเพื่อสุขภาพ ผัดแบบมันน้อย หอมกลิ่นกระทะ รสชาติกลมกล่อมด้วยซอสสูตรพิเศษลดโซเดียม,TRUE,2,8,lrt-mi-hk-seafood.jpg,lrt-mi-hk-seafood-s.jpg,,,,,
10330001005,10330001,หมี่ฮ่องกงโคตรกุ้งมันน้อย,หมี่ฮ่องกงโคตรกุ้ง,258,เหลาอาธีร์,สวนหลวงสแควร์,"ลดมัน, ใช้ไขมันดี, ลดโซเดียม",-,,,9,,lrt-mi-hk-kod-shrimp-s.jpg,,,,,
10330001006,10330001,ข้าวผัดปูสูตรสุขภาพ,ข้าวผัดปู,178,เหลาอาธีร์,สวนหลวงสแควร์,"ลดมัน, ใช้ไขมันดี, ลดโซเดียม",ข้าวผัดแบบจีนโบราณ หาทานยาก ผัดแบบแห้งหอมกลิ่นกระทะ รสกลมกล่อมจนต้องลอง,TRUE,3,10,lrt-khaopad-crab.jpg,lrt-khaopad-crab-s.jpg,,,TRUE,,*พลังงาน 553 kcal ต่อจาน ผู้ป่วยเบาหวานหรือลดน้ำหนักควรแบ่งทาน 2 ท่าน
10330001007,10330001,ข้าวผัดโคตรปูสูตรสุขภาพ,ข้าวผัดโคตรปู,268,เหลาอาธีร์,สวนหลวงสแควร์,"ลดมัน, ใช้ไขมันดี, ลดโซเดียม",-,,,11,,lrt-khaopad-kod-crab-s.jpg,,,,,
10330001042,10330001,เคลคั่วไข่ไขมันดี,เคลคั่วไข่,168,เหลาอาธีร์,สวนหลวงสแควร์,"โลว์คาร์บ, โปรตีนสูง, ลดโซเดียม",-,,,16,,lrt-kale-new-s.jpg,,,TRUE,,
10330001043,10330001,คะน้าซอสฮ่องกงพรีเมียม,คะน้าซอสฮ่องกง,88,เหลาอาธีร์,สวนหลวงสแควร์,"ใช้ไขมันดี, ลดโซเดียม, ไฟเบอร์สูง",คะน้าฮ่องกงเกรดพรีเมียม ก้านโตปอกเปลือกหั่นพอดีคำ ผัดกับซอสสูตรสุขภาพ กรอบอร่อยทุกคำ,TRUE,1,17,lrt-khana.jpg,lrt-khana-s.jpg,,,TRUE,,
10330001044,10330001,กะหล่ำปลีคั่วน้ำปลา,กะหล่ำปลีคั่วน้ำปลา,88,เหลาอาธีร์,สวนหลวงสแควร์,"ใช้ไขมันดี, ลดโซเดียม",-,,,18,lrt-kalumpee.jpg,lrt-kalumpee-s.jpg,,,,,
10330001008,10330001,เส้นหมี่ราดหน้าฮ่องกงหมู,ราดหน้าฮ่องกงหมู,88,เหลาอาธีร์,สวนหลวงสแควร์,"ใช้ไขมันดี, ลดโซเดียม",-,,,24,,,,,,,
10330001009,10330001,เส้นหมี่ราดหน้าฮ่องกงไก่,ราดหน้าฮ่องกงไก่,88,เหลาอาธีร์,สวนหลวงสแควร์,"ใช้ไขมันดี, ลดโซเดียม",-,,,25,,,,,,,
10330001010,10330001,เส้นหมี่ราดหน้าฮ่องกงกุ้ง,ราดหน้าฮ่องกงกุ้ง,118,เหลาอาธีร์,สวนหลวงสแควร์,"ใช้ไขมันดี, ลดโซเดียม",-,,,26,,,,,,,
10330001011,10330001,เส้นหมี่ราดหน้าฮ่องกงทะเล,ราดหน้าฮ่องกงทะเล,118,เหลาอาธีร์,สวนหลวงสแควร์,"ใช้ไขมันดี, ลดโซเดียม",-,,,27,,,,,,,
10330001012,10330001,ราดหน้าฮ่องกงโคตรกุ้ง,ราดหน้าฮ่องกงโคตรกุ้ง,218,เหลาอาธีร์,สวนหลวงสแควร์,"ใช้ไขมันดี, ลดโซเดียม",-,,,28,,,,,,,
10330001013,10330001,ราดหน้าเส้นไข่ขาวหมู,ราดหน้าเส้นไข่ขาวหมู,128,เหลาอาธีร์,สวนหลวงสแควร์,"โลว์คาร์บ, โปรตีนสูง, ลดโซเดียม",ราดหน้าเพื่อสุขภาพ มีโปรตีนสูงจากเส้นไข่ขาว อิ่มนานไม่อ้วน พลังงานเพียง 293 kcal ต่อชามเท่านั้น,TRUE,,13,lrt-radna-egg-white-pork-new.jpg,lrt-radna-egg-white-pork-s.jpg,,,TRUE,,
10330001014,10330001,ราดหน้าเส้นไข่ขาวไก่,ราดหน้าเส้นไข่ขาวไก่,128,เหลาอาธีร์,สวนหลวงสแควร์,"โลว์คาร์บ, โปรตีนสูง, ลดโซเดียม",-,,,12,,lrt-radna-egg-white-chicken-s.jpg,,,,,
10330001015,10330001,ราดหน้าเส้นไข่ขาวกุ้ง,ราดหน้าเส้นไข่ขาวกุ้ง,158,เหลาอาธีร์,สวนหลวงสแควร์,"โลว์คาร์บ, โปรตีนสูง, ลดโซเดียม",ราดหน้าเพื่อสุขภาพ มีโปรตีนสูงจากเส้นไข่ขาว อิ่มนานไม่อ้วน พลังงานเพียง 216 kcal ต่อจานเท่านั้น,,,14,,lrt-radna-egg-white-shrimp-s.jpg,,,,,
10330001016,10330001,ราดหน้าเส้นไข่ขาวทะเล,ราดหน้าเส้นไข่ขาวทะเล,158,เหลาอาธีร์,สวนหลวงสแควร์,"โลว์คาร์บ, โปรตีนสูง, ลดโซเดียม",-,,,15,,,,,,,
10330001018,10330001,เส้นหมี่คั่วฮ่องกงหมู,ก๋วยเตี๋ยวคั่วฮ่องกงหมู,88,เหลาอาธีร์,สวนหลวงสแควร์,"ลดมัน, ใช้ไขมันดี, ลดโซเดียม",-,,,19,,lrt-kua-hk-pork-s.jpg,,,,,
10330001019,10330001,เส้นหมี่คั่วฮ่องกงไก่,ก๋วยเตี๋ยวคั่วฮ่องกงไก่,88,เหลาอาธีร์,สวนหลวงสแควร์,"ลดมัน, ใช้ไขมันดี, ลดโซเดียม",คั่วไก่แบบมันน้อย หอมกลมกล่อมจนต้องลอง,TRUE,,20,,lrt-kua-hk-chicken-s.jpg,,,,,
10330001020,10330001,เส้นหมี่คั่วฮ่องกงกุ้ง,ก๋วยเตี๋ยวคั่วฮ่องกงกุ้ง,118,เหลาอาธีร์,สวนหลวงสแควร์,"ลดมัน, ใช้ไขมันดี, ลดโซเดียม",-,,,21,,,,,,,
10330001021,10330001,เส้นหมี่คั่วฮ่องกงทะเล,ก๋วยเตี๋ยวคั่วฮ่องกงทะเล,118,เหลาอาธีร์,สวนหลวงสแควร์,"ลดมัน, ใช้ไขมันดี, ลดโซเดียม",-,,,22,,,,,,,
10330001022,10330001,เส้นหมี่คั่วฮ่องกงโคตรกุ้ง,ก๋วยเตี๋ยวคั่วฮ่องกงโคตรกุ้ง,218,เหลาอาธีร์,สวนหลวงสแควร์,"ลดมัน, ใช้ไขมันดี, ลดโซเดียม",-,,,23,,,,,,,
10330001023,10330001,เส้นไข่ขาวคั่วฮ่องกงหมู,ก๋วยเตี๋ยวคั่วเส้นไข่ขาวหมู,138,เหลาอาธีร์,สวนหลวงสแควร์,"โลว์คาร์บ, โปรตีนสูง, ลดโซเดียม",-,TRUE,,2,,lrt-kua-egg-white-pork-s.jpg,,,TRUE,,
10330001024,10330001,เส้นไข่ขาวคั่วฮ่องกงไก่,ก๋วยเตี๋ยวคั่วเส้นไข่ขาวไก่,138,เหลาอาธีร์,สวนหลวงสแควร์,"โลว์คาร์บ, โปรตีนสูง, ลดโซเดียม",คั่วไก่สุขภาพ โปรตีนสูงจากเส้นไข่ขาว 100% หอมกระทะ ผัดแห้งด้วยน้ำมันคาโนล่า พลังงานเพียง 320 kcal ต่อจาน,TRUE,1,1,lrt-kua-egg-white-chicken.jpg,lrt-kua-egg-white-chicken-s.jpg,,,TRUE,,
10330001025,10330001,เส้นไข่ขาวคั่วฮ่องกงกุ้ง,ก๋วยเตี๋ยวคั่วเส้นไข่ขาวกุ้ง,168,เหลาอาธีร์,สวนหลวงสแควร์,"โลว์คาร์บ, โปรตีนสูง, ลดโซเดียม",-,,,3,,lrt-kua-egg-white-shrimp-s.jpg,,,,,
10330001026,10330001,เส้นไข่ขาวคั่วฮ่องกงทะเล,ก๋วยเตี๋ยวคั่วเส้นไข่ขาวทะเล,168,เหลาอาธีร์,สวนหลวงสแควร์,"โลว์คาร์บ, โปรตีนสูง, ลดโซเดียม",-,,,4,,,,,,,
10330001028,10330001,ข้าวผัดรถไฟหมู,ข้าวผัดรถไฟหมู,88,เหลาอาธีร์,สวนหลวงสแควร์,"ลดมัน, ใช้ไขมันดี, ลดโซเดียม",-,,,29,,,,,,,
10330001029,10330001,ข้าวผัดรถไฟไก่,ข้าวผัดรถไฟไก่,88,เหลาอาธีร์,สวนหลวงสแควร์,"ลดมัน, ใช้ไขมันดี, ลดโซเดียม",-,,,30,,,,,,,
10330001030,10330001,ข้าวผัดรถไฟกุ้ง,ข้าวผัดรถไฟกุ้ง,118,เหลาอาธีร์,สวนหลวงสแควร์,"ลดมัน, ใช้ไขมันดี, ลดโซเดียม",-,,,31,,,,,,,
10330001031,10330001,ข้าวผัดรถไฟทะเล,ข้าวผัดรถไฟทะเล,118,เหลาอาธีร์,สวนหลวงสแควร์,"ลดมัน, ใช้ไขมันดี, ลดโซเดียม",-,,,32,,,,,,,
10330001032,10330001,ข้าวผัดรถไฟโคตรกุ้ง,ข้าวผัดรถไฟโคตรกุ้ง,218,เหลาอาธีร์,สวนหลวงสแควร์,"ลดมัน, ใช้ไขมันดี, ลดโซเดียม",-,,,33,,,,,,,
10330001033,10330001,ผัดพริกสดซอสฮ่องกงหมู,ผัดพริกสดซอสฮ่องกงหมู,158,เหลาอาธีร์,สวนหลวงสแควร์,"โปรตีนสูง, ลดโซเดียม",-,,,34,,,,,,,
10330001034,10330001,ผัดพริกสดซอสฮ่องกงไก่,ผัดพริกสดซอสฮ่องกงไก่,158,เหลาอาธีร์,สวนหลวงสแควร์,"โปรตีนสูง, ลดโซเดียม",-,,,35,,,,,,,
10330001035,10330001,ผัดพริกสดซอสฮ่องกงกุ้ง,ผัดพริกสดซอสฮ่องกงกุ้ง,198,เหลาอาธีร์,สวนหลวงสแควร์,"โปรตีนสูง, ลดโซเดียม",-,,,36,,,,,,,
10330001036,10330001,ผัดพริกสดซอสฮ่องกงทะเล,ผัดพริกสดซอสฮ่องกงทะเล,198,เหลาอาธีร์,สวนหลวงสแควร์,"โปรตีนสูง, ลดโซเดียม",-,,,37,,,,,,,
10330001037,10330001,ผัดพริกสดซอสฮ่องกงโคตรกุ้ง,ผัดพริกสดซอสฮ่องกงโคตรกุ้ง,218,เหลาอาธีร์,สวนหลวงสแควร์,"โปรตีนสูง, ลดโซเดียม",-,,,38,,,,,,,
10330002001,10330002,เส้นหมี่ข้าวกล้องน้ำยาปู,เส้นหมี่ข้าวกล้องน้ำยาปู,250,ศรีขมิ้น,สวนหลวงสแควร์,"กะทิไขมันต่ำ, ลดโซเดียม",น้ำยาปูเพื่อสุขภาพทำจากกะทิธัญพืชและนมถั่วเหลือง หอมอร่อย กับเนื้อปูเน้นๆ,TRUE,,8,sri-mi-crab.jpg,sri-mi-crab-s.jpg,,,TRUE,,
10330002022,10330002,แกงน้ำยาปู (ไม่รับหมี่),แกงน้ำยาปู (ไม่รับหมี่),220,ศรีขมิ้น,สวนหลวงสแควร์,"กะทิไขมันต่ำ, ลดโซเดียม",,,,8.1,,sri-crab-s.jpg,,,,,
10330002002,10330002,หมูกะปิลดโซเดียม,หมูกะปิ,185,ศรีขมิ้น,สวนหลวงสแควร์,"ลดโซเดียม, ใช้ไขมันดี",หมูสันนอกมันน้อย ผัดกับเครื่องแกงกะปิสูตรลดโซเดียมด้วยน้ำมันคาโนล่า,TRUE,1,1,sri-moo-kapi.jpg,,,,,,
10330002003,10330002,ยำผักกูดกุ้งสดลดโซเดียม,ยำผักกูดกุ้งสด,180,ศรีขมิ้น,สวนหลวงสแควร์,"ลดโซเดียม, โปรตีนสูง, ไฟเบอร์สูง",ลิ้มรสความอร่อยกับผักกูดสด ๆ ผักพื้นบ้านของไทยที่หาทานยาก คลุกเคล้ากับกุ้งตัวโตด้วยน้ำยำสูตรพิเศษ,TRUE,3,2,sri-yum-pak-good.jpg,,,,TRUE,,
10330002004,10330002,ผัดผักกูดน้ำมันหอย,ผัดผักกูดน้ำมันหอย,125,ศรีขมิ้น,สวนหลวงสแควร์,"ลดโซเดียม, ใช้ไขมันดี",-,,,3,,sri-pukgood-hoi-s.jpg,,,,,
10330002005,10330002,คั่วกลิ้งปลากระพงลีน ๆ,คั่วกลิ้งปลากระพง,225,ศรีขมิ้น,สวนหลวงสแควร์,"ไขมันต่ำ, มี omega-3, ลดโซเดียม",เนื้อปลากระพงล้วนลอกหนัง ผัดกับเครื่องแกงคั่วกลิ้งหอมอร่อยสูตรลดโซเดียม แบบไร้น้ำมัน,TRUE,1,4,sri-kuakling-kaphong.jpg,,,,,,
10330002006,10330002,ทอดมันปลากรายล้วน,ทอดมันปลากราย,195,ศรีขมิ้น,สวนหลวงสแควร์,"ไม่ผสมแป้ง, ลดโซเดียม, ใช้ไขมันดี",ทอดมันปลากรายจากเนื้อปลาล้วนๆ ไม่ผสมแป้ง อร่อยแน่นทุกคำ เสิร์ฟพร้อมน้ำจิ้มสูตรลดน้ำตาล,TRUE,3,5,sri-todmun-plagray.jpg,,,,,,
10330002007,10330002,ใบเหลียงผัดไข่ไขมันดี,ใบเหลียงผัดไข่,140,ศรีขมิ้น,สวนหลวงสแควร์,"ลดโซเดียม, มันน้อย, ใช้ไขมันดี",เมนูยอดฮิตของอาหารใต้ ใบเหลียงยอดอ่อน ๆ ผัดแห้งแบบน้ำมันน้อย สดอร่อยดีต่อสุขภาพ,TRUE,2,6,sri-leang-pad-egg.jpg,,,,,,
10330002008,10330002,ทอดมันกุ้งล้วน,ทอดมันกุ้งล้วน,245,ศรีขมิ้น,สวนหลวงสแควร์,"กุ้งล้วน 100%, ไขมันดี, น้ำจิ้มสูตรลดน้ำตาล",ทอดมันกุ้งล้วน 100% เนื้อแน่นกัดทุกคำเจอเนื้อทุกคำ ทอดด้วยน้ำมันคาโนล่า เสิร์ฟพร้อมน้ำจิ้มบ๊วยสูตรลดน้ำตาล,TRUE,1,7,sri-todmunkung.jpg,,,,TRUE,,
10330002009,10330002,แกงเห็ดแครงปลาทูย่างกะทิธัญพืช,แกงเห็ดแครงปลาทูย่าง,200,ศรีขมิ้น,สวนหลวงสแควร์,"กะทิไขมันต่ำ, ลดโซเดียม",แกงเห็ดแครงจากเครื่องแกงคั่วต้นตำรับปักษ์ใต้ผัดในกะทิเพื่อสุขภาพ อร่อยลงตัวกับเนื้อปลาทูย่าง  ,TRUE,1,9,sri-kang-hed-krang.jpg,,,,TRUE,,
10330002010,10330002,แกงเห็ดแครงกุ้งสด,แกงเห็ดแครงกุ้งสด,225,ศรีขมิ้น,สวนหลวงสแควร์,"กะทิไขมันต่ำ, ลดโซเดียม",-,TRUE,,10,,,,,,,
10330002011,10330002,แกงขี้เหล็กปลาทูย่างกะทิธัญพืช,แกงขี้เหล็กปลาทูย่าง,185,ศรีขมิ้น,สวนหลวงสแควร์,"กะทิไขมันต่ำ, ลดโซเดียม",แกงขี้เหล็กปักษ์ใต้แท้ๆ ใช้ดอกขี้เหล็ก ในแกงกะทิสูตรลดมันและลดเค็ม แต่ยังคงความเข้มข้นของต้นตำรับ,TRUE,1,11,sri-khilek.jpg,,,,,,
10330002012,10330002,ใบเหลียงต้มกะทิธัญพืชกุ้งสด,ใบเหลียงต้มกะทิกุ้งสด,245,ศรีขมิ้น,สวนหลวงสแควร์,"กะทิไขมันต่ำ, โปรตีนสูง, ไฟเบอร์สูง",แกงกะทิธัญพืชไขมันต่ำ ต้มกับใบเหลียงและยอดมะพร้าว เพิ่มรสชาติด้วยกุ้งแห้งและกุ้งสด อร่อยซดได้หมดชาม,TRUE,2,12,sri-leang-kati-kung.jpg,sri-leang-kati-kung-s.jpg,,,TRUE,,
10330002013,10330002,แกงส้มปลากระพงลดโซเดียม,แกงส้มปลากระพง,265,ศรีขมิ้น,สวนหลวงสแควร์,"ลดโซเดียม,โปรตีนสูง, ไขมันต่ำ",แกงส้มสูตรลดโซเดียมฉบับปักษ์ใต้ต้มให้เข้าเนื้อกับปลากะพงชิ้นโตๆ ทานคู่กับยอดมะพร้าว ออดิบ สายบัว หรือมะละกอตามชอบ,TRUE,1,13,sri-kangsom.jpg,,"เลือกผักได้ 2 อย่าง: ยอดมะพร้าวอ่อน, มะละกอ, ออดิบ, ไหลบัว, ชะอมทอด",,,,
10330002014,10330002,แกงส้มปลาอินทรีย์,แกงส้มปลาอินทรีย์,265,ศรีขมิ้น,สวนหลวงสแควร์,"ลดโซเดียม,โปรตีนสูง, ไขมันต่ำ",-,,,14,sri-kangsom.jpg,,"เลือกผักได้ 2 อย่าง: ยอดมะพร้าวอ่อน, มะละกอ, ออดิบ, ไหลบัว, ชะอมทอด",,TRUE,,
10330002015,10330002,ผัดสะตอกะปิกุ้งสดลดโซเดียม,ผัดสะตอกะปิกุ้งสด,225,ศรีขมิ้น,สวนหลวงสแควร์,"ใช้ไขมันดี, ลดโซเดียม",เมนูอาหารใต้รสจัดจ้านขึ้นชื่อ ผัดสะตอกับเครื่องแกงกะปิดสูตรพิเศษ กับกุ้งสดจากทะเลเนื้อเด้งๆ,TRUE,1,15,sri-sator-kung.jpg,,,,,,
10330002016,10330002,ผัดสะตอกะปิหมู,ผัดสะตอกะปิหมู,195,ศรีขมิ้น,สวนหลวงสแควร์,"ใช้ไขมันดี, ลดโซเดียม",-,,,16,,,,,,,
10330002017,10330002,ผัดสะตอกะปิหมูกุ้งสด,ผัดสะตอกะปิหมูกุ้งสด,245,ศรีขมิ้น,สวนหลวงสแควร์,"ใช้ไขมันดี, ลดโซเดียม",-,,,17,,,,,,,
10330002018,10330002,ข้าวยำปักษ์ใต้,ข้าวยำปักษ์ใต้,135,ศรีขมิ้น,สวนหลวงสแควร์,"ไฟเบอร์สูง, ลดโซเดียม",-,,,18,,sri-khaoyum-white-s.jpg,,,,,
10330002019,10330002,ข้าวยำปักษ์ใต้ ไรซ์เบอร์รี่,ข้าวยำปักษ์ใต้ ไรซ์เบอร์รี่,140,ศรีขมิ้น,สวนหลวงสแควร์,"ไฟเบอร์สูง, ลดโซเดียม",จานอาหารสุขภาพด้วยข้าวไรซ์เบอร์รี่แท้ๆ ผักเคียงพื้นบ้านนานาชนิด มะพร้าวคั่ว กุ้งแห้งโขลก คลุกกับน้ำบูดูสูตรเด็ด,TRUE,,19,,sri-khao-yum-riceberry-s.jpg,,,TRUE,,
10330002020,10330002,ข้าวหอมมะลิ,ข้าวหอมมะลิ,20,ศรีขมิ้น,สวนหลวงสแควร์,,-,,,20,,sri-rice-duo-s.jpg,,,,,
10330002021,10330002,ข้าวไรซ์เบอร์รี่,ข้าวไรซ์เบอร์รี่,25,ศรีขมิ้น,สวนหลวงสแควร์,,-,,,21,,sri-rice-duo-s.jpg,,,,,
10330002023,10330002,เส้นหมี่ไข่ขาวคีโต,เส้นหมี่ไข่ขาวคีโต,79,ศรีขมิ้น,สวนหลวงสแควร์,,-,,,22,,sri-egg-noodle-s.jpg,,,,,
10330002024,10330002,เส้นอูด้งไข่ขาวคีโต,เส้นอูด้งไข่ขาวคีโต,79,ศรีขมิ้น,สวนหลวงสแควร์,,-,,,23,,sri-egg-udon-s.jpg,,,,,
10330003001,10330003,เต้าหู้เย็นรสนมสด,เต้าหู้เย็นรสนมสด,45,เต้าหู้เย็นถังยี่,สวนหลวงสแควร์,"ลดน้ำตาล, ลดไขมัน",,,,,,,,,,,
10330003002,10330003,เต้าหู้เย็นรสนมสด+มะม่วง+ซอสเสาวรสคีโต+นมข้น0%fat,เต้าหู้เย็นรสนมสด+มะม่วง+ซอสเสาวรสคีโต+นมข้น0%fat,169,เต้าหู้เย็นถังยี่,สวนหลวงสแควร์,"ลดน้ำตาล, ลดไขมัน",,,,,,,,,TRUE,,
10330003003,10330003,เต้าหู้เย็นรสนมสด+แตงโม+ซอสเเตงโมคีโต+นมข้น0%fat,เต้าหู้เย็นรสนมสด+แตงโม+ซอสเเตงโมคีโต+นมข้น0%fat,129,เต้าหู้เย็นถังยี่,สวนหลวงสแควร์,"ลดน้ำตาล, ลดไขมัน",,,,,,,,,,,
10330003004,10330003,เต้าหู้เย็นรสนมสด+ผลไม้+ซอสหญ้าหวานน้ำผึ้ง+นมข้น0%fat,เต้าหู้เย็นรสนมสด+ผลไม้+ซอสหญ้าหวานน้ำผึ้ง+นมข้น0%fat,129,เต้าหู้เย็นถังยี่,สวนหลวงสแควร์,"ลดน้ำตาล, ลดไขมัน",,,,,,,,,TRUE,,
10330003005,10330003,เต้าหู้เย็นรสนมสด+ธัญพืช+ซอสหญ้าหวานน้ำผึ้ง+นมข้น0%fat,เต้าหู้เย็นรสนมสด+ธัญพืช+ซอสหญ้าหวานน้ำผึ้ง+นมข้น0%fat,119,เต้าหู้เย็นถังยี่,สวนหลวงสแควร์,"ลดน้ำตาล, ลดไขมัน",,,,,,,,,,,
10330003006,10330003,เต้าหู้เย็นรสนมสด+ผลไม้+ธัญพืช+ซอสหญ้าหวานน้ำผึ้ง+นมข้น0%fat,เต้าหู้เย็นรสนมสด+ผลไม้+ธัญพืช+ซอสหญ้าหวานน้ำผึ้ง+นมข้น0%fat,139,เต้าหู้เย็นถังยี่,สวนหลวงสแควร์,"ลดน้ำตาล, ลดไขมัน",,,,,,,,,,,
10330004001,10330004,เย็นตาโฟเส้นไข่ขาว,เย็นตาโฟเส้นไข่ขาว,,เย็นตาโฟยกล้อ,สวนหลวงสแควร์,"โลว์คาร์บ, โปรตีนสูง, ลดโซเดียม",,,,,,,"เลือกน้ำหรือเเห้ง
เลือกระดับความเผ็ด",,,,
10330004002,10330004,เย็นตาโฟเส้นโอ๊ต,เย็นตาโฟเส้นโอ๊ต,,เย็นตาโฟยกล้อ,สวนหลวงสแควร์,"โลว์คาร์บ, ลดโซเดียม",,,,,,,"เลือกน้ำหรือเเห้ง
เลือกระดับความเผ็ด",,,,
10330004003,10330004,เย็นตาโฟเส้นปลา,เย็นตาโฟเส้นปลา,,เย็นตาโฟยกล้อ,สวนหลวงสแควร์,"โปรตีนสูง, ลดโซเดียม",,,,,,,"เลือกน้ำหรือเเห้ง
เลือกระดับความเผ็ด",,,,
10330004004,10330004,เกาเหลาเย็นตาโฟ,เกาเหลาเย็นตาโฟ,,เย็นตาโฟยกล้อ,สวนหลวงสแควร์,"โปรตีนสูง, ลดโซเดียม",,,,,,,"เลือกน้ำหรือเเห้ง
เลือกระดับความเผ็ด",,,,
10330004005,10330004,ก๋วยเตี๋ยวเย็นตาโฟ,ก๋วยเตี๋ยวเย็นตาโฟ,,เย็นตาโฟยกล้อ,สวนหลวงสแควร์,ลดโซเดียม,,,,,,,"เลือกเส้นหมี่หรือเส้นเล็ก
เลือกระดับความเผ็ด
เลือกน้ำหรือแห้ง",,,,
10330004006,10330004,ต้มยำเส้นไข่ขาว,ต้มยำเส้นไข่ขาว,,เย็นตาโฟยกล้อ,สวนหลวงสแควร์,"โลว์คาร์บ, โปรตีนสูง, ลดโซเดียม",,,,,,,"เลือกน้ำหรือเเห้ง
เลือกระดับความเผ็ด",,,,
10330004007,10330004,ต้มยำเส้นโอ๊ต,ต้มยำเส้นโอ๊ต,,เย็นตาโฟยกล้อ,สวนหลวงสแควร์,"โลว์คาร์บ, ลดโซเดียม",,,,,,,"เลือกน้ำหรือเเห้ง
เลือกระดับความเผ็ด",,,,
10330004008,10330004,ต้มยำเส้นปลา,ต้มยำเส้นปลา,,เย็นตาโฟยกล้อ,สวนหลวงสแควร์,"โปรตีนสูง, ลดโซเดียม",,,,,,,"เลือกน้ำหรือเเห้ง
เลือกระดับความเผ็ด",,,,
10330004009,10330004,เกาเหลาต้มยำ,เกาเหลาต้มยำ,,เย็นตาโฟยกล้อ,สวนหลวงสแควร์,"โปรตีนสูง, ลดโซเดียม",,,,,,,"เลือกน้ำหรือเเห้ง
เลือกระดับความเผ็ด",,,,
10330004010,10330004,ก๋วยเตี๋ยวต้มยำ,ก๋วยเตี๋ยวต้มยำ,,เย็นตาโฟยกล้อ,สวนหลวงสแควร์,ลดโซเดียม,,,,,,,"เลือกเส้นหมี่หรือเส้นเล็ก
เลือกระดับความเผ็ด
เลือกน้ำหรือแห้ง",,,,
10330004011,10330004,เส้นไข่ขาวลูกชิ้นปลา,เส้นไข่ขาวลูกชิ้นปลา,,เย็นตาโฟยกล้อ,สวนหลวงสแควร์,"โลว์คาร์บ, โปรตีนสูง, ลดโซเดียม",,,,,,,เลือกน้ำหรือเเห้ง,,,,
10330004012,10330004,เส้นโอ๊ตลูกชิ้นปลา,เส้นโอ๊ตลูกชิ้นปลา,,เย็นตาโฟยกล้อ,สวนหลวงสแควร์,"โลว์คาร์บ, ลดโซเดียม",,,,,,,เลือกน้ำหรือเเห้ง,,,,
10330004013,10330004,เส้นปลาลูกชิ้นปลา,เส้นปลาลูกชิ้นปลา,,เย็นตาโฟยกล้อ,สวนหลวงสแควร์,"โปรตีนสูง, ลดโซเดียม",,,,,,,เลือกน้ำหรือเเห้ง,,,,
10330004014,10330004,เกาเหลาลูกชิ้นปลา,เกาเหลาลูกชิ้นปลา,,เย็นตาโฟยกล้อ,สวนหลวงสแควร์,"โปรตีนสูง, ลดโซเดียม",,,,,,,เลือกน้ำหรือเเห้ง,,,,
10330004015,10330004,ก๋วยเตี๋ยวลูกชิ้นปลา,ก๋วยเตี๋ยวลูกชิ้นปลา,,เย็นตาโฟยกล้อ,สวนหลวงสแควร์,ลดโซเดียม,,,,,,,"เลือกเส้นหมี่หรือเส้นเล็ก
เลือกน้ำหรือเเห้ง",,,,
10330004016,10330004,เส้นไข่ขาวลูกชิ้นหมู,เส้นไข่ขาวลูกชิ้นหมู,,เย็นตาโฟยกล้อ,สวนหลวงสแควร์,"โลว์คาร์บ, โปรตีนสูง, ลดโซเดียม",,,,,,,เลือกน้ำหรือเเห้ง,,,,
10330004017,10330004,เส้นโอ๊ตลูกชิ้นหมู,เส้นโอ๊ตลูกชิ้นหมู,,เย็นตาโฟยกล้อ,สวนหลวงสแควร์,"โลว์คาร์บ, ลดโซเดียม",,,,,,,เลือกน้ำหรือเเห้ง,,,,
10330004018,10330004,เส้นปลาลูกชิ้นหมู,เส้นปลาลูกชิ้นหมู,,เย็นตาโฟยกล้อ,สวนหลวงสแควร์,"โปรตีนสูง, ลดโซเดียม",,,,,,,เลือกน้ำหรือเเห้ง,,,,
10330004019,10330004,เกาเหลาลูกชิ้นหมู,เกาเหลาลูกชิ้นหมู,,เย็นตาโฟยกล้อ,สวนหลวงสแควร์,"โปรตีนสูง, ลดโซเดียม",,,,,,,เลือกน้ำหรือเเห้ง,,,,
10330004020,10330004,ก๋วยเตี๋ยวลูกชิ้นหมู,ก๋วยเตี๋ยวลูกชิ้นหมู,,เย็นตาโฟยกล้อ,สวนหลวงสแควร์,ลดโซเดียม,,,,,,,"เลือกเส้นหมี่หรือเส้นเล็ก
เลือกน้ำหรือเเห้ง",,,,
10330004021,10330004,เส้นไข่ขาวลูกชิ้นแคระ,เส้นไข่ขาวลูกชิ้นแคระ,,เย็นตาโฟยกล้อ,สวนหลวงสแควร์,"โลว์คาร์บ, โปรตีนสูง, ลดโซเดียม",,,,,,,เลือกน้ำหรือเเห้ง,,,,
10330004022,10330004,เส้นโอ๊ตลูกชิ้นแคระ,เส้นโอ๊ตลูกชิ้นแคระ,,เย็นตาโฟยกล้อ,สวนหลวงสแควร์,"โลว์คาร์บ, โปรตีนสูง, ลดโซเดียม",,,,,,,เลือกน้ำหรือเเห้ง,,,,
10330004023,10330004,เส้นปลาลูกชิ้นแคระ,เส้นปลาลูกชิ้นแคระ,,เย็นตาโฟยกล้อ,สวนหลวงสแควร์,"โปรตีนสูง, ลดโซเดียม",,,,,,,เลือกน้ำหรือเเห้ง,,,,
10330004024,10330004,เกาเหลาลูกชิ้นแคระ,เกาเหลาลูกชิ้นแคระ,,เย็นตาโฟยกล้อ,สวนหลวงสแควร์,"โปรตีนสูง, ลดโซเดียม",,,,,,,เลือกน้ำหรือเเห้ง,,,,
10330004025,10330004,ก๋วยเตี๋ยวลูกชิ้นแคระ,ก๋วยเตี๋ยวลูกชิ้นแคระ,,เย็นตาโฟยกล้อ,สวนหลวงสแควร์,"โปรตีนสูง, ลดโซเดียม",,,,,,,"เลือกเส้นหมี่หรือเส้นเล็ก
เลือกน้ำหรือเเห้ง",,,,
10330005001,10330005,"ข้าวมันไก่ลีน ๆ (เนื้ออก, ข้าวมัน+ไรซ์เบอร์รี่)",ข้าวมันไก่เนื้ออก(ข้าวมัน+ไรซ์เบอร์รี่),80,ก. ไก่,บรรทัดทอง,"ลดพลังงาน, โปรตีนสูง, ลดโซเดียม",-,,,4,,kk-b-y-breast-s.jpg,,,TRUE,,
10330005002,10330005,"ข้าวมันไก่ลีน ๆ (เนื้ออก, ข้าวมัน+ข้าวหอมมะลิ)",ข้าวมันไก่เนื้ออก(ข้าวมัน+ข้าวหอมมะลิ),80,ก. ไก่,บรรทัดทอง,"ลดพลังงาน, โปรตีนสูง, ลดโซเดียม",ข้าวมันไก่สูตรลดพลังงาน ผสมกับข้าวหอมมะลิและเลือกใช้เนื้อไก่ส่วนที่ติดมันน้อย อร่อยด้วยน้ำจิ้มสูตรเด็ดจากทางร้าน,TRUE,1,5,kk-w-y-breast.jpg,kk-w-y-breast-s.jpg,,,,,
10330005003,10330005,"ข้าวมันไก่ลีน ๆ (เนื้ออก, ข้าวไรซ์เบอร์รี่)",ข้าวมันไก่เนื้ออก(ข้าวไรซ์เบอร์รี่),80,ก. ไก่,บรรทัดทอง,"ลดพลังงาน, โปรตีนสูง, ลดโซเดียม",ข้าวมันไก่สายคลีนใช้ข้าวไรซ์เบอร์รี่ผสมข้าวหอมมะลิไม่มัน และเนื้ออกไก่ลอกหนัง อร่อยด้วยน้ำจิ้มสูตรเด็ดจากทางร้าน,TRUE,2,6,kk-b-b-breast.jpg,kk-b-b-breast-s.jpg,,,,,
10330005004,10330005,"ข้าวมันไก่แบบผอม (เนื้อน่อง, ข้าวมัน+ไรซ์เบอร์รี่)",ข้าวมันไก่เนื้อน่อง(ข้าวมัน+ไรซ์เบอร์รี่),80,ก. ไก่,บรรทัดทอง,"ลดพลังงาน, โปรตีนสูง, ลดโซเดียม",ข้าวมันไก่สูตรลดพลังงาน ผสมผสานระหว่างความแน่นของข้าวไรซ์เบอร์รี่และข้าวมันอย่างลงตัว พร้อมด้วยน้ำจิ้มสูตรเด็ดจากทางร้าน,TRUE,3,1,kk-b-y-drum.jpg,kk-b-y-drum-s.jpg,,,TRUE,,
10330005005,10330005,"ข้าวมันไก่แบบผอม (เนื้อน่อง, ข้าวมัน+ข้าวหอมมะลิ)",ข้าวมันไก่เนื้อน่อง(ข้าวมัน+ข้าวหอมมะลิ),80,ก. ไก่,บรรทัดทอง,"ลดพลังงาน, โปรตีนสูง, ลดโซเดียม",-,,,2,,kk-w-y-drum-s.jpg,,,,,
10330005006,10330005,"ข้าวมันไก่แบบผอม (เนื้อน่อง, ข้าวไรซ์เบอร์รี่)",ข้าวมันไก่เนื้อน่อง(ข้าวไรซ์เบอร์รี่),80,ก. ไก่,บรรทัดทอง,"ลดพลังงาน, โปรตีนสูง, ลดโซเดียม",-,,,3,,kk-b-b-drum-s.jpg,,,,,
10330005007,10330005,ไก่ล้วน (เนื้ออกไม่ติดหนัง),ไก่ล้วน (เนื้ออกไม่ติดหนัง),140,ก. ไก่,บรรทัดทอง,,,,,,,,,,,,
10330005008,10330005,ไก่ล้วน (เนื้อน่องไม่ติดหนัง),ไก่ล้วน (เนื้อน่องไม่ติดหนัง),140,ก. ไก่,บรรทัดทอง,,,,,,,,,,,,
10330005009,10330005,ไก่ล้วน (ผสมเนื้ออก+เนื้อน่องไม่ติดหนัง),ไก่ล้วน (ผสมเนื้ออก+เนื้อน่องไม่ติดหนัง),140,ก. ไก่,บรรทัดทอง,,,,,,,,,,,,
10330005010,10330005,ข้าวมัน,ข้าวมัน,20,ก. ไก่,บรรทัดทอง,,,,,,,,,,,,
10330005011,10330005,ข้าวหอมมะลิ,ข้าวหอมมะลิ,20,ก. ไก่,บรรทัดทอง,,,,,,,,,,,,
10330005012,10330005,ข้าวไรซ์เบอร์รี่,ข้าวไรซ์เบอร์รี่,20,ก. ไก่,บรรทัดทอง,,,,,,,,,,,,
10330006001,10330006,เกี๊ยวกุ้งราดซอสหอยนางรม,เกี๊ยวกุ้งราดซอสหอยนางรม,135,Ginger bowl,บรรทัดทอง,"กุ้งล้วน, ลดโซเดียม",-,,,8,,gg-kiew-kung-only-s.jpg,,,TRUE,,
10330006002,10330006,เพิ่มผักกวางตุ้ง​,เกี๊ยวกุ้งและผักกวางตุ้งราดซอสหอยนางรม,15,Ginger bowl,บรรทัดทอง,,,,,9,,,,,,,
10330006003,10330006,เพิ่มคะน้าฮ่องกง,เกี๊ยวกุ้งและผักคะน้าฮ่องกงราดซอสหอยนางรม,85,Ginger bowl,บรรทัดทอง,,เกี๊ยวกุ้งล้วน อร่อยกับเนื้อกุ้งเต็ม ๆไม่ผสมมันหมู ปรับสูตรใหม่เพื่อสุขภาพทั้งเกี๊ยวและน้ำซอส,,,10,,,,,,,
10330006004,10330006,ผักกาดแก้วราดซอสหอยนางรมลดโซเดียม,ผักกาดแก้วราดซอสหอยนางรม,140,Ginger bowl,บรรทัดทอง,ลดโซเดียม,ผักกาดแก้วราดซอสหอยนางรมสูตรลดโซเดียม ,TRUE,,11,gg-lettuce-hoi.jpg,gg-lettuce-hoi-s.jpg,,,TRUE,,
10330006005,10330006,คะน้าฮ่องกงราดซอสหอยนางรมลดโซเดียม,คะน้าฮ่องกงราดซอสหอยนางรม,140,Ginger bowl,บรรทัดทอง,ลดโซเดียม,-,,,12,gg-khana-hoi.jpg,gg-khana-hoi-s.jpg,,,,,
10330006006,10330006,บร็อคโคลี่ราดซอสหอยนางรม,บร็อคโคลี่ราดซอสหอยนางรม,140,Ginger bowl,บรรทัดทอง,ลดโซเดียม,-,,,13,,,,,,,
10330006007,10330006,เกี๊ยวน้ำกุ้ง (เกาเหลา),เกี๊ยวน้ำกุ้ง (เกาเหลา),115,Ginger bowl,บรรทัดทอง,,-,,,14,,,,,,,
10330006008,10330006,ก๋วยเตี๋ยวหลอดกุ้งสด,ก๋วยเตี๋ยวหลอดกุ้งสด,195,Ginger bowl,บรรทัดทอง,"ลดโซเดียม, ไขมันต่ำ",ก๋วยเตี๋ยวหลอดสุขภาพ มันน้อย ยัดไส้ด้วยผักกาดแก้วและกุ้งสดรสกลมกล่อม,TRUE,,15,,gg-lord-kung-s.jpg,,,,,
10330006009,10330006,ก๋วยเตี๋ยวหลอด-ไข่,ก๋วยเตี๋ยวหลอด-ไข่,95,Ginger bowl,บรรทัดทอง,"ลดโซเดียม, ไขมันต่ำ",-,,,16,,,,,,,
10330006010,10330006,โจ๊กไข่เยี่ยวม้าสูตรสุขภาพ,โจ๊กไข่เยี่ยวม้า,100,Ginger bowl,บรรทัดทอง,"ลดโซเดียม, ไขมันต่ำ",โจ้กฮ่องกงเนื้อเนียน ต้มกับน้ำซุปสูตรพิเศษจากร้าน Ginger Bowl หอมอร่อยต้องลอง,TRUE,2,1,gg-joke-kai-yiewma.jpg,gg-joke-kai-yiewma-s.jpg,,,,,
10330006011,10330006,โจ๊กเป่าฮื้อสูตรสุขภาพ,โจ๊กเป่าฮื้อ,165,Ginger bowl,บรรทัดทอง,ไขมันต่ำ,-,,,5,,,,,,,
10330006012,10330006,โจ๊กกุ้งแชบ๊วยสูตรสุขภาพ,โจ๊กกุ้ง (กุ้งแชบ๊วย),165,Ginger bowl,บรรทัดทอง,"โปรตีนสูง, ลดโซเดียม",โจ้กฮ่องกงเนื้อเนียน ต้มกับน้ำซุปสูตรพิเศษจากร้าน Ginger Bowl หอมอร่อยต้องลอง,TRUE,,4,,gg-joke-shrimp-s.jpg,,,TRUE,,
10330006013,10330006,โจ๊กไก่สูตรสุขภาพ,โจ๊กไก่,105,Ginger bowl,บรรทัดทอง,"โปรตีนสูง, ลดโซเดียม",-,,,2,,gg-joke-chicken-s.jpg,,,,,
10330006014,10330006,โจ๊กปลากระพงสูตรสุขภาพ,โจ๊กปลา (ปลากระพง),165,Ginger bowl,บรรทัดทอง,"โปรตีนสูง, ลดโซเดียม, มี omega-3",โจ้กฮ่องกงเนื้อเนียน ต้มกับน้ำซุปสูตรพิเศษจากร้าน Ginger Bowl หอมอร่อยต้องลอง,TRUE,3,3,gg-joke-fish.jpg,gg-joke-fish-s.jpg,,,TRUE,,
10330006015,10330006,Topping ไข่เยี่ยวม้า,Topping ไข่เยี่ยวม้า,25,Ginger bowl,บรรทัดทอง,,-,,,7,,gg-century-egg-s.jpg,,FALSE,,,
10330006016,10330006,Topping ไข่ต้ม,Topping ไข่ต้ม,20,Ginger bowl,บรรทัดทอง,,-,,,6,,gg-boiled-egg-s.jpg,,FALSE,,,
10330006017,10330006,เต้าฮวยน้ำขิง (ร้อน),เต้าฮวยน้ำขิง (ร้อน),70,Ginger bowl,บรรทัดทอง,Sugar free,เต้าฮวยเนื้อเนียนสูตรของทางร้าน หอมอร่อยแบบปราศจากน้ำตาล ดีต่อสุขภาพ,,,20,gg-tao-huy-namking.jpg,gg-tao-huy-nam-king-s.jpg,,FALSE,,,
10330006018,10330006,เต้าฮวยน้ำเต้าหู้ (ร้อน/เย็น),เต้าฮวยน้ำเต้าหู้ (ร้อน/เย็น),85,Ginger bowl,บรรทัดทอง,,-,,,21,,,เลือกร้อนหรือเย็น,FALSE,,,
10330006019,10330006,เต้าฮวยซุปงาดำ (ร้อน),เต้าฮวยซุปงาดำ (ร้อน),130,Ginger bowl,บรรทัดทอง,แคลเซียมสูง,-,,,22,,gg-tao-huy-nga-dum-s.jpg,,FALSE,,,
10330006020,10330006,Topping บัวลอยงาดำ,Topping บัวลอยงาดำ,18,Ginger bowl,บรรทัดทอง,,-,,,23,,gg-topping-bualoi-s.jpg,,FALSE,,,
10330006021,10330006,Topping ถั่วแดง,Topping ถั่วแดง,15,Ginger bowl,บรรทัดทอง,,-,,,24,,gg-topping-redbean-s.jpg,,FALSE,,,
10330006022,10330006,Topping ถั่วเขียว,Topping ถั่วเขียว,15,Ginger bowl,บรรทัดทอง,,-,,,25,,gg-topping-greenbean-s.jpg,,FALSE,,,
10330006023,10330006,Topping ถั่วลิสง,Topping ถั่วลิสง,15,Ginger bowl,บรรทัดทอง,,-,,,26,,gg-topping-peanut-s.jpg,,FALSE,,,
10330006024,10330006,Topping ข้าวบาร์เลย์,Topping ข้าวบาร์เลย์,15,Ginger bowl,บรรทัดทอง,,-,,,27,,gg-topping-barley-s.jpg,,FALSE,,,
10330006025,10330006,Topping แปะก๊วย,Topping แปะก๊วย,20,Ginger bowl,บรรทัดทอง,,-,,,28,,gg-topping-ginko-nut-s.jpg,,FALSE,,,
10330006026,10330006,Topping ลูกบัว,Topping ลูกบัว,20,Ginger bowl,บรรทัดทอง,,-,,,29,,,,FALSE,,,
10330006027,10330006,Topping เฉาก๊วย,Topping เฉาก๊วย,15,Ginger bowl,บรรทัดทอง,,-,,,30,,,,FALSE,,,
10330006028,10330006,บัวลอยน้ำขิง (บัวลอยไส้งาดำ 4 ลูก),บัวลอยน้ำขิง (บัวลอยไส้งาดำ 4 ลูก),85,Ginger bowl,บรรทัดทอง,ลดน้ำตาล,ของหวานยอดนิยมของชาวจีน บัวลอยไส้งาดำหวานมันกำลังดี เสิร์ฟในน้ำขิงเผ็ดร้อน ๆ แบบไม่ใส่น้ำตาล,,,31,gg-bualoi-nam-king.jpg,gg-bualoi-nam-king-s.jpg,,FALSE,,,
10330006029,10330006,บัวลอยซุปงาดำ (บัวลอยไส้งาดำ 2 ลูก),บัวลอยซุปงาดำ (บัวลอยไส้งาดำ 2 ลูก),130,Ginger bowl,บรรทัดทอง,ลดน้ำตาล,,,,32,,gg-buyloi-nga-dum-s.jpg,,FALSE,,,
10330006030,10330006,บัวลอยน้ำเต้าหู้ (บัวลอยไส้งาดำ 4 ลูก),บัวลอยน้ำเต้าหู้ (บัวลอยไส้งาดำ 4 ลูก),95,Ginger bowl,บรรทัดทอง,ลดน้ำตาล,-,,,33,,,,FALSE,,,
10330006031,10330006,ซุปงาดำ,ซุปงาดำ,90,Ginger bowl,บรรทัดทอง,"ลดน้ำตาล, เเคลเซียมสูง",-,,,17,,gg-soup-nga-dum-s.jpg,,FALSE,TRUE,,
10330006032,10330006,กะลอจี๊สด,กะลอจี๊สด,95,Ginger bowl,บรรทัดทอง,ไขมันต่ำ,ขนมจีนโบราณหาทานยาก ใช้แป้งสดเหนียวหนึบแบบไม่ทอด ราดด้วยน้ำเชื่อมขิงหวานอร่อย,,,18,gg-kalorjee.jpg,gg-kalorjee-s.jpg,,FALSE,,,*เบาหวานควรรับประทานแต่พอดี
10330006033,10330006,ถั่วแดงหวานน้อย (ร้อน / เย็น),ถั่วแดง (ร้อน / เย็น),55,Ginger bowl,บรรทัดทอง,"หวานน้อย, โปรตีนจากพืช",-,,,34,gg-mungbean-redbean.jpg,gg-nam-tua-deang-s.jpg,เลือกร้อนหรือเย็น,FALSE,,,
10330006034,10330006,ถั่วเขียวหวานน้อย (ร้อน / เย็น),ถั่วเขียว (ร้อน / เย็น),55,Ginger bowl,บรรทัดทอง,"หวานน้อย, โปรตีนจากพืช",น้ำถั่วเขียวเนื้อละเอียดต้มแบบน้ำตาลน้อย ดื่มแบบร้อนหอมอร่อย ดื่มแบบเย็นให้ความสดชื่น,TRUE,1,35,gg-mungbean-redbean.jpg,gg-nam-tua-kiew-s.jpg,เลือกร้อนหรือเย็น,FALSE,,,
10330006035,10330006,น้ำเต้าหู้สูตรคลีน (ร้อน / เย็น),น้ำเต้าหู้ (ร้อน / เย็น),50,Ginger bowl,บรรทัดทอง,ลดน้ำตาล,-,,,19,,gg-soy-s.jpg,เลือกร้อนหรือเย็น,FALSE,TRUE,,
10330006036,10330006,น้ำขิงหญ้าหวาน (ร้อน / เย็น),น้ำขิงหญ้าหวาน (ร้อน / เย็น),50,Ginger bowl,บรรทัดทอง,ลดน้ำตาล,-,,,36,,,เลือกร้อนหรือเย็น,FALSE,,,
10330006037,10330006,น้ำอัญชันขิง (เย็น),น้ำอัญชันขิง (เย็น),50,Ginger bowl,บรรทัดทอง,ลดน้ำตาล,-,,,37,,,เลือกร้อนหรือเย็น,FALSE,,,
10330007001,10330007,ข้าวต้มปลากระพง,ข้าวต้มปลากระพง,120,ข้าวต้มปลากิมโป้,บรรทัดทอง,"โปรตีนสูง, ลดโซเดียม",ข้าวต้มปลาระดับมิชลินสตาร์ที่สืบทอดกันมาถึง 3 รุ่น เต็มคุณภาพกับปลาเนื้อแน่น ๆ สดหวาน ที่เจ้าของไปเลือกเองที่ตลาดทุกเช้า,TRUE,3,1,kimpo-kapong-rice.jpg,kimpo-kapong-rice-s.jpg,,,TRUE,,
10330007002,10330007,ข้าวต้มปลาเก๋า,ข้าวต้มปลาเก๋า,180,ข้าวต้มปลากิมโป้,บรรทัดทอง,"โปรตีนสูง, ลดโซเดียม",,,,2,kimpo-kao-rice.jpg,kimpo-kao-rice-s.jpg,,,TRUE,,
10330007005,10330007,ข้าวต้มกุ้ง,ข้าวต้มกุ้ง,250,ข้าวต้มปลากิมโป้,บรรทัดทอง,"โปรตีนสูง, ลดโซเดียม",ร้านข้าวต้มระดับมิชลินสตาร์ ใช้กุ้งแชบ๊วยตัวโตสดใหญ่ และน้ำซุปสูตรลับหอมอร่อยที่ถ่ายทอดกันมาถึง 3 รุ่น ,TRUE,,3,kimpo-prawn-rice.jpg,kimpo-prawn-rice-s.jpg,,,,,
10330007004,10330007,ข้าวต้มปลาเก๋าแดง,ข้าวต้มปลาเก๋าแดง,360,ข้าวต้มปลากิมโป้,บรรทัดทอง,"โปรตีนสูง, ลดโซเดียม",,,,4,kimpo-red-kao-rice.jpg,kimpo-red-kao-rice-s.jpg,,,,,
10330007003,10330007,ข้าวต้มปลาเต๋าเต้ย,ข้าวต้มปลาเต๋าเต้ย,475,ข้าวต้มปลากิมโป้,บรรทัดทอง,"โปรตีนสูง, ลดโซเดียม",ข้าวต้มปลาระดับมิชลินสตาร์ที่สืบทอดกันมาถึง 3 รุ่น เต็มคุณภาพกับปลาเนื้อแน่น ๆ สดหวาน ที่เจ้าของไปเลือกเองที่ตลาดทุกเช้า,TRUE,2,5,kimpo-taotoey-rice.jpg,kimpo-taotoey-rice-s.jpg,,,,,
10330007006,10330007,ข้าวต้มปลากระพง+กุ้ง,ข้าวต้มปลากระพง+กุ้ง,250,ข้าวต้มปลากิมโป้,บรรทัดทอง,"โปรตีนสูง, ลดโซเดียม",,,,6,,,,,TRUE,,
10330007007,10330007,ข้าวต้มปลาเก๋า+กุ้ง,ข้าวต้มปลาเก๋า+กุ้ง,250,ข้าวต้มปลากิมโป้,บรรทัดทอง,"โปรตีนสูง, ลดโซเดียม",,,,7,,,,,,,
10330007009,10330007,ข้าวต้มปลาเก๋าแดง+กุ้ง,ข้าวต้มปลาเก๋าแดง+กุ้ง,475,ข้าวต้มปลากิมโป้,บรรทัดทอง,"โปรตีนสูง, ลดโซเดียม",,,,8,,,,,,,
10330007008,10330007,ข้าวต้มปลาเต๋าเต้ย+กุ้ง,ข้าวต้มปลาเต๋าเต้ย+กุ้ง,590,ข้าวต้มปลากิมโป้,บรรทัดทอง,"โปรตีนสูง, ลดโซเดียม",,,,9,,,,,,,
10330007010,10330007,เกาเหลาปลากระพง,เกาเหลาปลากระพง,180,ข้าวต้มปลากิมโป้,บรรทัดทอง,"โลว์คาร์บ, โปรตีนสูง, ลดโซเดียม",,,,10,kimpo-kapong-lao.jpg,kimpo-kapong-lao-s.jpg,,,TRUE,,
10330007011,10330007,เกาเหลาปลาเก๋า,เกาเหลาปลาเก๋า,250,ข้าวต้มปลากิมโป้,บรรทัดทอง,"โลว์คาร์บ, โปรตีนสูง, ลดโซเดียม",,,,11,kimpo-kao-lao.jpg,kimpo-kao-lao-s.jpg,,,TRUE,,
10330007014,10330007,เกาเหลากุ้ง,เกาเหลากุ้ง,300,ข้าวต้มปลากิมโป้,บรรทัดทอง,"โลว์คาร์บ, โปรตีนสูง, ลดโซเดียม",,,,12,kimpo-prawn-lao.jpg,kimpo-prawn-lao-s.jpg,,,,,
10330007013,10330007,เกาเหลาปลาเก๋าแดง,เกาเหลาปลาเก๋าแดง,475,ข้าวต้มปลากิมโป้,บรรทัดทอง,"โลว์คาร์บ, โปรตีนสูง, ลดโซเดียม",ร้านข้าวต้มปลาระดับมิชลินสตาร์ เต็มคุณภาพกับปลาเนื้อแน่น ๆ สดหวาน กับน้ำซุปสูตรลับหอมอร่อยที่สืบทอดกันมาถึง 3 รุ่น,TRUE,,13,kimpo-red-kao-lao.jpg,kimpo-red-kao-lao-s.jpg,,,,,
10330007012,10330007,เกาเหลาปลาเต๋าเต้ย,เกาเหลาปลาเต๋าเต้ย,590,ข้าวต้มปลากิมโป้,บรรทัดทอง,"โลว์คาร์บ, โปรตีนสูง, ลดโซเดียม",,,,14,kimpo-taotoey-lao.jpg,kimpo-taotoey-lao-s.jpg,,,,,
10330007015,10330007,เกาเหลาปลากระพง+กุ้ง,เกาเหลาปลากระพง+กุ้ง,300,ข้าวต้มปลากิมโป้,บรรทัดทอง,"โลว์คาร์บ, โปรตีนสูง, ลดโซเดียม",,,,15,,,,,TRUE,,
10330007016,10330007,เกาเหลาปลาเก๋า+กุ้ง,เกาเหลาปลาเก๋า+กุ้ง,360,ข้าวต้มปลากิมโป้,บรรทัดทอง,"โลว์คาร์บ, โปรตีนสูง, ลดโซเดียม",,,,16,,,,,,,
10330007018,10330007,เกาเหลาปลาเก๋าแดง+กุ้ง,เกาเหลาปลาเก๋าแดง+กุ้ง,590,ข้าวต้มปลากิมโป้,บรรทัดทอง,"โลว์คาร์บ, โปรตีนสูง, ลดโซเดียม",,,,17,,,,,,,
10330007017,10330007,เกาเหลาปลาเต๋าเต้ย+กุ้ง,เกาเหลาปลาเต๋าเต้ย+กุ้ง,590,ข้าวต้มปลากิมโป้,บรรทัดทอง,"โลว์คาร์บ, โปรตีนสูง, ลดโซเดียม",,,,18,,,,,,,
10330007019,10330007,ยำปลากระพง,ยำปลากระพง,180,ข้าวต้มปลากิมโป้,บรรทัดทอง,"โลว์คาร์บ, โปรตีนสูง",,,1,19,kimpo-kapong-yum.jpg,kimpo-kapong-yum-s.jpg,,FALSE,TRUE,,
10330007020,10330007,ยำปลาเก๋า,ยำปลาเก๋า,250,ข้าวต้มปลากิมโป้,บรรทัดทอง,"โลว์คาร์บ, โปรตีนสูง",ร้านข้าวต้มปลาระดับมิชลินสตาร์ เต็มคุณภาพกับปลาเนื้อแน่น ๆ สดหวาน คัดคุณภาพที่เจ้าของไปเลือกเองที่ตลาดทุกเช้า,TRUE,2,20,kimpo-kao-yum.jpg,kimpo-kao-yum-s.jpg,,FALSE,TRUE,,
10330007023,10330007,ยำกุ้ง,ยำกุ้ง,300,ข้าวต้มปลากิมโป้,บรรทัดทอง,"โลว์คาร์บ, โปรตีนสูง",,,,21,kimpo-prawn-yum-s.jpg,kimpo-prawn-yum-s.jpg,,FALSE,,,
10330007022,10330007,ยำปลาเก๋าแดง,ยำปลาเก๋าแดง,475,ข้าวต้มปลากิมโป้,บรรทัดทอง,"โลว์คาร์บ, โปรตีนสูง",,,,22,kimpo-red-kao-yum.jpg,kimpo-red-kao-yum-s.jpg,,FALSE,,,
10330007021,10330007,ยำปลาเต๋าเต้ย,ยำปลาเต๋าเต้ย,590,ข้าวต้มปลากิมโป้,บรรทัดทอง,"โลว์คาร์บ, โปรตีนสูง",,,,23,kimpo-taotoey-yum.jpg,kimpo-taotoey-yum-s.jpg,,FALSE,,,
10330007024,10330007,ยำปลากระพง+กุ้ง,ยำปลากระพง+กุ้ง,300,ข้าวต้มปลากิมโป้,บรรทัดทอง,"โลว์คาร์บ, โปรตีนสูง",,,,24,,,,FALSE,TRUE,,
10330007025,10330007,ยำปลาเก๋า+กุ้ง,ยำปลาเก๋า+กุ้ง,360,ข้าวต้มปลากิมโป้,บรรทัดทอง,"โลว์คาร์บ, โปรตีนสูง",,,,25,,,,FALSE,,,
10330007027,10330007,ยำปลาเก๋าแดง+กุ้ง,ยำปลาเก๋าแดง+กุ้ง,590,ข้าวต้มปลากิมโป้,บรรทัดทอง,"โลว์คาร์บ, โปรตีนสูง",,,,26,,,,FALSE,,,
10330007026,10330007,ยำปลาเต๋าเต้ย+กุ้ง,ยำปลาเต๋าเต้ย+กุ้ง,590,ข้าวต้มปลากิมโป้,บรรทัดทอง,"โลว์คาร์บ, โปรตีนสูง",,,,27,,,,FALSE,,,
10330007028,10330007,ลวกจิ้มปลากระพง,ลวกจิ้มปลากระพง,180,ข้าวต้มปลากิมโป้,บรรทัดทอง,"โลว์คาร์บ, โปรตีนสูง",ร้านข้าวต้มปลาระดับมิชลินสตาร์ เต็มคุณภาพกับปลาเนื้อแน่น ๆ สดหวาน คัดคุณภาพที่เจ้าของไปเลือกเองที่ตลาดทุกเช้า,TRUE,,28,kimpo-kapong-luak.jpg,kimpo-kapong-luak-s.jpg,,FALSE,TRUE,,
10330007029,10330007,ลวกจิ้มปลาเก๋า,ลวกจิ้มปลาเก๋า,250,ข้าวต้มปลากิมโป้,บรรทัดทอง,"โลว์คาร์บ, โปรตีนสูง",,,,29,kimpo-kao-luak.jpg,kimpo-kao-luak-s.jpg,,FALSE,TRUE,,
10330007032,10330007,ลวกจิ้มกุ้ง,ลวกจิ้มกุ้ง,300,ข้าวต้มปลากิมโป้,บรรทัดทอง,"โลว์คาร์บ, โปรตีนสูง",,,,30,kimpo-prawn-luak.jpg,kimpo-prawn-luak-s.jpg,,FALSE,,,
10330007031,10330007,ลวกจิ้มปลาเก๋าแดง,ลวกจิ้มปลาเก๋าแดง,475,ข้าวต้มปลากิมโป้,บรรทัดทอง,"โลว์คาร์บ, โปรตีนสูง",,,,31,kimpo-red-kao-luak.jpg,kimpo-red-kao-luak-s.jpg,,FALSE,,,
10330007030,10330007,ลวกจิ้มปลาเต๋าเต้ย,ลวกจิ้มปลาเต๋าเต้ย,590,ข้าวต้มปลากิมโป้,บรรทัดทอง,"โลว์คาร์บ, โปรตีนสูง",,,,32,kimpo-taotoey-luak.jpg,kimpo-taotoey-luak-s.jpg,,FALSE,,,
10330007033,10330007,ลวกจิ้มปลากระพง+กุ้ง,ลวกจิ้มปลากระพง+กุ้ง,300,ข้าวต้มปลากิมโป้,บรรทัดทอง,"โลว์คาร์บ, โปรตีนสูง",,,,33,,,,FALSE,TRUE,,
10330007034,10330007,ลวกจิ้มปลาเก๋า+กุ้ง,ลวกจิ้มปลาเก๋า+กุ้ง,360,ข้าวต้มปลากิมโป้,บรรทัดทอง,"โลว์คาร์บ, โปรตีนสูง",,,,34,,,,FALSE,,,
10330007036,10330007,ลวกจิ้มปลาเก๋าแดง+กุ้ง,ลวกจิ้มปลาเก๋าแดง+กุ้ง,590,ข้าวต้มปลากิมโป้,บรรทัดทอง,"โลว์คาร์บ, โปรตีนสูง",,,,35,,,,FALSE,,,
10330007035,10330007,ลวกจิ้มปลาเต๋าเต้ย+กุ้ง,ลวกจิ้มปลาเต๋าเต้ย+กุ้ง,590,ข้าวต้มปลากิมโป้,บรรทัดทอง,"โลว์คาร์บ, โปรตีนสูง",,,,36,,,,FALSE,,,